{"cameraMode":{"drawMode":0,"name":"Shaded","section":"Shading Mode"},"sceneLighting":true,"audioPlay":false,"sceneViewState":{"showFog":true,"showMaterialUpdate":false,"showSkybox":true,"showFlares":true,"showImageEffects":true,"showParticleSystems":true},"in2DMode":false,"pivot":{"x":0.10251171886920929,"y":0.025000035762786866,"z":-5.230700492858887},"rotation":{"x":0.22460779547691346,"y":-0.5364221930503845,"z":0.1507129818201065,"w":0.7994309067726135},"size":7.363992691040039,"orthographic":false}